CREATE DATABASE  IF NOT EXISTS `ldlc` /*!40100 DEFAULT CHARACTER SET utf8mb4 COLLATE utf8mb4_general_ci */ /*!80016 DEFAULT ENCRYPTION='N' */;
USE `ldlc`;
-- MySQL dump 10.13  Distrib 8.0.36, for Win64 (x86_64)
--
-- Host: localhost    Database: ldlc
-- ------------------------------------------------------
-- Server version	8.0.36

/*!40101 SET @OLD_CHARACTER_SET_CLIENT=@@CHARACTER_SET_CLIENT */;
/*!40101 SET @OLD_CHARACTER_SET_RESULTS=@@CHARACTER_SET_RESULTS */;
/*!40101 SET @OLD_COLLATION_CONNECTION=@@COLLATION_CONNECTION */;
/*!50503 SET NAMES utf8 */;
/*!40103 SET @OLD_TIME_ZONE=@@TIME_ZONE */;
/*!40103 SET TIME_ZONE='+00:00' */;
/*!40014 SET @OLD_UNIQUE_CHECKS=@@UNIQUE_CHECKS, UNIQUE_CHECKS=0 */;
/*!40014 SET @OLD_FOREIGN_KEY_CHECKS=@@FOREIGN_KEY_CHECKS, FOREIGN_KEY_CHECKS=0 */;
/*!40101 SET @OLD_SQL_MODE=@@SQL_MODE, SQL_MODE='NO_AUTO_VALUE_ON_ZERO' */;
/*!40111 SET @OLD_SQL_NOTES=@@SQL_NOTES, SQL_NOTES=0 */;

--
-- Table structure for table `comercio`
--

DROP TABLE IF EXISTS `comercio`;
/*!40101 SET @saved_cs_client     = @@character_set_client */;
/*!50503 SET character_set_client = utf8mb4 */;
CREATE TABLE `comercio` (
  `id` int NOT NULL,
  `name` text COLLATE latin1_spanish_ci,
  PRIMARY KEY (`id`)
) ENGINE=InnoDB DEFAULT CHARSET=latin1 COLLATE=latin1_spanish_ci;
/*!40101 SET character_set_client = @saved_cs_client */;

--
-- Dumping data for table `comercio`
--

LOCK TABLES `comercio` WRITE;
/*!40000 ALTER TABLE `comercio` DISABLE KEYS */;
INSERT INTO `comercio` VALUES (1,''),(2,'carrefour'),(3,'gadis'),(4,'lupa'),(5,'mercadona'),(6,'dia'),(7,'el corte inglés'),(8,'primaprix'),(9,'carrefour exp.'),(10,'aldi'),(11,'lidl'),(12,'Unide pueblo'),(13,'e.leclerc');
/*!40000 ALTER TABLE `comercio` ENABLE KEYS */;
UNLOCK TABLES;

--
-- Table structure for table `compra`
--

DROP TABLE IF EXISTS `compra`;
/*!40101 SET @saved_cs_client     = @@character_set_client */;
/*!50503 SET character_set_client = utf8mb4 */;
CREATE TABLE `compra` (
  `id` varchar(25) COLLATE latin1_spanish_ci NOT NULL,
  `producto` varchar(15) COLLATE latin1_spanish_ci DEFAULT NULL,
  `fecha` varchar(15) COLLATE latin1_spanish_ci DEFAULT NULL,
  `precio` double NOT NULL,
  `cantidad` double NOT NULL,
  `pagado` double NOT NULL,
  `precioMedido` double NOT NULL,
  `oferta` int NOT NULL,
  PRIMARY KEY (`id`)
) ENGINE=InnoDB DEFAULT CHARSET=latin1 COLLATE=latin1_spanish_ci;
/*!40101 SET character_set_client = @saved_cs_client */;

--
-- Dumping data for table `compra`
--

LOCK TABLES `compra` WRITE;
/*!40000 ALTER TABLE `compra` DISABLE KEYS */;
INSERT INTO `compra` VALUES ('10000000023452302101928','1000000002345','2302101928',2.4,0.6,0.25,2.39,0),('10000000023452302251145','1000000002345','2302251145',2.39,0.9,0.376,2.39,0),('10000000023452304201337','1000000002345','2304201337',3.49,0,0,3.49,0),('10000000023452305081941','1000000002345','2305081941',2.86,1,2.86,2.86,0),('10000000023452305121843','1000000002345','2305121843',2.89,0,0,2.89,0),('10000000023452305161912','1000000002345','2305161912',2.89,0,0,2.89,0),('10000000023462302101928','1000000002346','2302101928',1.81946,6.47,3.556,1.82,0),('10000000023462303131409','1000000002346','2303131409',2.79,2.79,1,2.79,0),('10000000023462303161920','1000000002346','2303161920',2.49,4.482,1.8,0,0),('10000000023462304111437','1000000002346','2304111437',2.39,5.497,2.3,2.39,0),('10000000023472302101928','1000000002347','2302101928',2.3049645,0.65,0.282,2.29,0),('10000000023472302251145','1000000002347','2302251145',2.29,0.9,0.394,2.29,0),('10000000023472305081941','1000000002347','2305081941',2.49,1,2.49,2.49,0),('10000000023472305121843','1000000002347','2305121843',2.49,1,0,0,0),('10000000023472305161912','1000000002347','2305161912',2.49,0,0,2.49,0),('10000000023482302101928','1000000002348','2302101928',1.7192192,2.29,1.332,1.72,0),('10000000023482303031858','1000000002348','2303031858',1.69,1.5,0.888,1.69,0),('10000000023482304271954','1000000002348','2304271954',1.89,1.282,2.423,1.89,0),('10000000023482305161912','1000000002348','2305161912',1.89,1.3,2.457,1.89,0),('10000878654442207150000','1000087865444','2207150000',3.16,1.95,0.618,3.155,0),('10000878654442302101928','1000087865444','2302101928',1.9894737,1.89,0.95,1.99,0),('10000878654442303031858','1000087865444','2303031858',1.35,1.05,0.778,1.35,0),('10000878654442303111914','1000087865444','2303111914',1.9894737,0,1,0,0),('10000878654442303131409','1000087865444','2303131409',2.99,2.99,1,0,0),('10000878654442303221400','1000087865444','2303221400',1.99,1.99,1,0,0),('10000878654442303221730','1000087865444','2303221730',1.49,1.49,1,0,0),('10000878654442303251710','1000087865444','2303251710',1.39,1.084,0.78,0,0),('10000878654442305161912','1000087865444','2305161912',1.85,0,0,1.85,0),('10000878798772207150000','1000087879877','2207150000',1.5,1.5,1,1.5,0),('10000878798772303221400','1000087879877','2303221400',1.55,1.55,1,0,0),('10000878798772304201337','1000087879877','2304201337',2.75,0,0,2.75,0),('10000878798772305161912','1000087879877','2305161912',2.09,0,0,2.09,0),('10005345446562207150000','1000534544656','2207150000',3.78,3.27,0.864,3.785,0),('10005345446562208180819','1000534544656','2208180819',2.69,2.07,0.77,2.688,0),('10005345446602302251145','1000534544660','2302251145',2.3,4.5,1.96,2.3,0),('10005345446602303221730','1000534544660','2303221730',2.89,2.89,1,0,0),('10005345446602303251710','1000534544660','2303251710',1.89,4.536,2.4,0,0),('10005345446602305081929','1000534544660','2305081929',2.3,3.29,7.567,2.3,0),('10005345446602305081941','1000534544660','2305081941',2.39,1,2.39,2.39,0),('10005345446602305121843','1000534544660','2305121843',2.4,3.29,7.896,2.4,0),('10005345446612302251145','1000534544661','2302251145',2.95,2.48,0.84,2.95,0),('10005345446612303031858','1000534544661','2303031858',2.21,2.21,1,0.19,0),('10005345446612303111914','1000534544661','2303111914',2.95,0,1,0,0),('10005345446612303211819','1000534544661','2303211819',2.48,2.48,1,0,0),('10005345446612303221400','1000534544661','2303221400',2.49,2.49,1,0,0),('10005345446612303221730','1000534544661','2303221730',2.29,2.29,1,0,0),('10005345446612304081833','1000534544661','2304081833',2.48,0,1,0,0),('10005345446612304111437','1000534544661','2304111437',2.48,2.48,1,2.48,0),('10005345446612304241646','1000534544661','2304241646',2.38,1,2.38,2.38,0),('10005345446612304241655','1000534544661','2304241655',2.38,1,0,0,0),('10005345446612305081941','1000534544661','2305081941',2.35,1,2.35,2.35,0),('10005345446622302251145','1000534544662','2302251145',6.8,3.4,0.5,6.8,0),('10005345446622303131339','1000534544662','2303131339',6.85,6.85,1,0,0),('10005345446622303131409','1000534544662','2303131409',6.65,6.65,1,0,0),('10005345446622303211819','1000534544662','2303211819',6.85,6.384,0.932,0,0),('10005345446622304081833','1000534544662','2304081833',6.85,6.617,0.966,0,0),('10005345446622304241646','1000534544662','2304241646',6.95,0.496,3.447,6.95,1),('10005345446622304241655','1000534544662','2304241655',6.95,0.496,3.447,6.95,0),('10005345446622305081929','1000534544662','2305081929',6.95,0.5,3.475,6.95,0),('10005345446622305161912','1000534544662','2305161912',6.95,0.517,3.593,6.95,0),('10005345446632302251145','1000534544663','2302251145',14.95,7.86,0.526,14.95,0),('10005345446632303111914','1000534544663','2303111914',7.79,4.059,0.521,7.79,0),('10005345446632303251710','1000534544663','2303251710',12.9,8.127,0.63,0,0),('10005345446632304201337','1000534544663','2304201337',9.99,0,0,9.99,0),('10005345446632304292009','1000534544663','2304292009',12.5,0.498,6.225,12.5,0),('10005345446632305121843','1000534544663','2305121843',12.2,0.438,5.344,12.2,0),('10005345446642302251145','1000534544664','2302251145',0.99,4.95,5,0.99,0),('10005345446642303161920','1000534544664','2303161920',1.15,5.75,5,0,0),('10005345446642303211819','1000534544664','2303211819',1.15,0,1,0,0),('10005345446642303221400','1000534544664','2303221400',1.14,1.14,1,0,0),('10005345446642304111437','1000534544664','2304111437',0.99,4.95,5,0.99,0),('10005345446642304241646','1000534544664','2304241646',1.15,5,5.75,1.15,0),('10005345446642304241655','1000534544664','2304241655',1.15,5,5.75,1.15,0),('10005345446642305030709','1000534544664','2305030709',1.15,5.75,5,1.15,0),('10005345446642305081929','1000534544664','2305081929',1.15,5,5.75,1.15,0),('10005345446642305121843','1000534544664','2305121843',1.15,5,5.75,1.15,0),('10005345446642305161912','1000534544664','2305161912',1.15,5,5.75,1.15,0),('10005345446652302251145','1000534544665','2302251145',0.95,0.95,1,0.95,0),('10005345446652304111437','1000534544665','2304111437',1.15,1.15,1,1.15,0),('10005345446652305161912','1000534544665','2305161912',1.15,1,0,0,0),('10005345446712303111914','1000534544671','2303111914',1.99,1.99,1,1.99,0),('10005345446712304091011','1000534544671','2304091011',1.69,1.69,1,0,0),('10005345446712305030709','1000534544671','2305030709',1.89,2.177,1.152,1.89,0),('10005345446712305081929','1000534544671','2305081929',1.69,0.482,0.815,1.69,0),('10005345446712305081941','1000534544671','2305081941',0.95,1,0.95,0.95,0),('10005345446712305161912','1000534544671','2305161912',1.69,0,0,1.69,0),('10005345446722303131409','1000534544672','2303131409',4.15,4.15,1,0.231,0),('10005345446732303161519','1000534544673','2303161519',0.5,0.5,1,2.5,0),('10005345446742303212026','1000534544674','2303212026',12.62,2.6,0.206,0,0),('10005345446752304201337','1000534544675','2304201337',8.99,3.497,0.389,8.99,0),('10005345446762304201337','1000534544676','2304201337',2.39,2.39,1,2.39,0),('10005345446772304201337','1000534544677','2304201337',6.99,6.99,1,6.99,0),('10005345446782304201337','1000534544678','2304201337',17.99,0,0,17.99,0),('10005345446792304201337','1000534544679','2304201337',9.99,9.99,1,9.99,0),('10005345446802304271954','1000534544680','2304271954',1.99,1.928,3.837,1.99,0),('10005345446802305030709','1000534544680','2305030709',1.99,4.629,2.326,1.99,0),('10005345446812305121843','1000534544681','2305121843',1.29,1.982,2.557,1.29,0),('10005345446812305161912','1000534544681','2305161912',1.19,1,1.19,1.19,0),('10005345446822305121843','1000534544682','2305121843',4.775,0.4,1.91,4.775,0),('240020422303031858','24002042','2303031858',1.69,1.69,1,8.45,0),('240314862303031858','24031486','2303031858',1.3,0.65,2,2.6,0),('240865612303131409','24086561','2303131409',2.99,2.99,1,16.611,0),('25300610038662304082005','2530061003866','2304082005',2.69,3.86,1.435,2.69,0),('35746616480262211221644','3574661648026','2211221644',6.95,6.95,1,6.95,0),('36005218237292303251710','3600521823729','2303251710',9.95,9.95,1,9.95,0),('36005423793422303111914','3600542379342','2303111914',3.5,3.5,1,3.5,0),('40088712052302304111157','4008871205230','2304111157',3.5,3.5,1,0.14,0),('40546010534662303131339','4054601053466','2303131339',17.99,17.99,1,17.99,0),('54100762300682211221644','5410076230068','2211221644',4.45,4.45,1,8.9,0),('54100762300682303212026','5410076230068','2303212026',4.65,4.65,1,9.3,0),('76130347044362303131339','7613034704436','2303131339',4.89,4.89,1,0.306,0),('76130360394992302101928','7613036039499','2302101928',4.99,19.96,4,9.98,0),('76130360394992302141034','7613036039499','2302141034',4.99,19.96,4,9.98,0),('76222106804572304091011','7622210680457','2304091011',5.15,7.725,2,7.725,3),('77020184659892303131409','7702018465989','2303131409',7.99,7.99,1,1.997,0),('77020185790132303211929','7702018579013','2303211929',7.95,7.95,1,1.987,0),('77020185790132303212026','7702018579013','2303212026',9.95,9.95,1,2.487,0),('80010904302502305151436','8001090430250','2305151436',4.7,4.7,1,5.732,0),('80010906233932304082005','8001090623393','2304082005',10.99,10.99,1,5.636,0),('80018414338062303212026','8001841433806','2303212026',1.35,2.7,2,3.971,0),('80018419805912303131409','8001841980591','2303131409',1.5,1.5,1,4.615,0),('80021900201502305030709','8002190020150','2305030709',1.95,1.95,1,3.9,0),('80065400954612305151436','8006540095461','2305151436',7.5,0,0,5.769,0),('80065407468752303282055','8006540746875','2303282055',7.35,7.35,1,12.25,0),('80065407482202303282055','8006540748220','2303282055',11.85,11.85,1,11.85,0),('80065407506672303221400','8006540750667','2303221400',4.75,4.75,1,15.833,0),('80065407506672303282055','8006540750667','2303282055',4.19,4.19,1,13.967,0),('80065407508892303282010','8006540750889','2303282010',4.25,0,0,11.806,0),('80065409488112303111914','8006540948811','2303111914',3.8,3.8,1,4.368,0),('84100102600422302141034','8410010260042','2302141034',8.59,34.36,4,8.59,0),('84100630870782304091011','8410063087078','2304091011',6.95,10.425,2,14.479,3),('84100911800482211050000','8410091180048','2211050000',2.49,2.49,1,9.96,0),('84101049109072304111157','8410104910907','2304111157',12.75,12.75,1,2.684,0),('84102830011062102092032','8410283001106','2102092032',0.79,0.79,1,3.292,0),('84102971136662305150813','8410297113666','2305150813',6.84,6.84,1,1.14,0),('84103441112702304281349','8410344111270','2304281349',3.55,1,3.55,9.861,0),('84104361708882304241629','8410436170888','2304241629',3.79,2,4.927,2.464,4),('84105000088712208251944','8410500008871','2208251944',3.39,6.78,2,3.53125,0),('84105000134792011161420','8410500013479','2011161420',3.89,3.89,1,2.701,0),('84105000134792207202028','8410500013479','2207202028',4.29,4.29,1,2.9791667,0),('84105052720172211050000','8410505272017','2211050000',0.66,0.66,1,1.65,0),('84108431377882304201337','8410843137788','2304201337',2.85,2.85,1,3.167,0),('84109460001252304292009','8410946000125','2304292009',1.55,1,1.55,4.429,0),('84113840020092302101928','8411384002009','2302101928',2.4,2.4,1,0.2,0),('84113840020092304292009','8411384002009','2304292009',2.4,1,0,0,0),('84113840020092305081929','8411384002009','2305081929',2.4,1,0,0,0),('84113840020092305161912','8411384002009','2305161912',2.4,1,0,0,0),('84113960007342207150000','8411396000734','2207150000',1.6,1.6,1,5.860806,0),('84125980004782102092032','8412598000478','2102092032',0.55,0.55,1,1.6666666,0),('84126000121852304281349','8412600012185','2304281349',1.54,0,0,4.107,0),('84134029980042304301354','8413402998004','2304301354',0.96,1,0.96,0.12,0),('84138762511662211181501','8413876251166','2211181501',2.15,2.15,1,5.375,0),('84138762773882211181501','8413876277388','2211181501',2.55,2.55,1,4.25,0),('84138762773882303232129','8413876277388','2303232129',2.95,2.95,1,4.917,0),('84145160783852303232129','8414516078385','2303232129',2.95,5.9,2,14.39,0),('84145161934762211181501','8414516193476','2211181501',2.65,2.65,1,6.625,0),('84208785910282303161519','8420878591028','2303161519',2.69,2.69,1,8.967,0),('84222871252072303161920','8422287125207','2303161920',2.69,2.69,1,0.224,0),('84222871252072303211819','8422287125207','2303211819',2.69,0,1,0,0),('84222871252072304081833','8422287125207','2304081833',2.69,0,1,0,0),('84230860036592303281809','8423086003659','2303281809',1.1,1.1,1,0.22,0),('84257790444822011161420','8425779044482','2011161420',0.6,0.6,1,2.4,0),('84257790444822207150000','8425779044482','2207150000',0.79,0.79,1,3.16,0),('84257790444822302251145','8425779044482','2302251145',0.7,2.95,3,2.88,0),('84257790444822303111914','8425779044482','2303111914',0.72,1.44,2,2.88,0),('84257790444822303161920','8425779044482','2303161920',0.72,1.44,2,2.88,0),('84257790444822303211819','8425779044482','2303211819',0.72,2.16,3,2.88,0),('84257790444822304081833','8425779044482','2304081833',0.72,2.16,3,2.88,0),('84257790444822304111437','8425779044482','2304111437',0.72,2.16,3,2.88,0),('84257790444822304241646','8425779044482','2304241646',0.72,3,2.16,2.88,0),('84257790444822304241655','8425779044482','2304241655',0.72,3,2.16,2.88,0),('84257790444822304292009','8425779044482','2304292009',0.72,3,2.16,2.88,0),('84257790444822305030709','8425779044482','2305030709',0.72,2.16,3,2.88,0),('84257790444822305081929','8425779044482','2305081929',0.72,3,2.16,2.88,0),('84257790444822305121843','8425779044482','2305121843',0.72,3,2.16,2.88,0),('84257790444822305161912','8425779044482','2305161912',0.72,3,2.16,2.88,0),('84257790454342303161519','8425779045434','2303161519',2.29,2.29,1,5.725,0),('84296878012122211050000','8429687801212','2211050000',2.85,2.85,1,0.238,0),('84318762316942211050000','8431876231694','2211050000',3.1,3.1,1,15.5,0),('84318762660542303232129','8431876266054','2303232129',1.75,1.75,1,9.72,0),('84318762960132211181500','8431876296013','2211181500',1.94,1.94,1,4.85,0),('84356380187142304241629','8435638018714','2304241629',2.5,2,5,0.5,0),('84360265993892305081941','8436026599389','2305081941',8,1,8,0.08,0),('84360265993962304241629','8436026599396','2304241629',8,1,8,0.08,0),('84370015869052303251710','8437001586905','2303251710',1.99,1.99,1,5.686,0),('84370030180082011161420','8437003018008','2011161420',0.73,0.73,1,0.091,0),('84370030180082208251944','8437003018008','2208251944',0.73,0.73,1,0.09125,0),('84370030180082303111914','8437003018008','2303111914',0.73,0,1,0,0),('84370030180082303161920','8437003018008','2303161920',0.86,0.86,1,0.108,0),('84370030180082304081833','8437003018008','2304081833',0.86,0,1,0,0),('84370030180082305081929','8437003018008','2305081929',0.86,1,0,0,0),('84370030180082305121843','8437003018008','2305121843',0.86,1,0,0,0),('84370030180082305161912','8437003018008','2305161912',0.86,1,0,0,0),('84370038942752011161420','8437003894275','2011161420',3.5,3.5,1,14.583,0),('84370038942752208180819','8437003894275','2208180819',3.87,3.87,1,16.125,0),('84370038942752302251145','8437003894275','2302251145',3.87,3.87,1,16.126,0),('84370038942752303111914','8437003894275','2303111914',3.87,0,1,0,0),('84370038942752303161920','8437003894275','2303161920',3.87,7.74,2,16.125,0),('84370038942752303211819','8437003894275','2303211819',3.87,7.74,2,16.125,0),('84370038942752303282010','8437003894275','2303282010',3.87,0,1,0,0),('84370046215352207202028','8437004621535','2207202028',1.6,3.2,2,5.3333335,0),('84370046215352303211819','8437004621535','2303211819',1.54,3.08,2,5.133,0),('84370146895012211221644','8437014689501','2211221644',0.9,0.9,1,1.5,0),('84800000385242303111914','8480000038524','2303111914',1.75,1.75,1,8.75,0),('84800000385242305030709','8480000038524','2305030709',1.75,0,1,0,0),('84800000404662304292009','8480000040466','2304292009',1.85,1,1.85,1.85,0),('84800000404662305161912','8480000040466','2305161912',1.85,1,0,0,0),('84800000495442207202028','8480000049544','2207202028',1.15,1.15,1,4.6,0),('84800000495442302251145','8480000049544','2302251145',1.3,1.3,1,5.2,0),('84800000495442303111914','8480000049544','2303111914',1.3,0,1,0,0),('84800000495442305030709','8480000049544','2305030709',1.3,1.495,1.15,5.2,0),('84800000495442305161912','8480000049544','2305161912',1.15,1,1.15,4.6,0),('84800000533292207202028','8480000053329','2207202028',0.65,0.65,1,3.0952382,0),('84800000533292302251145','8480000053329','2302251145',0.9,0.9,1,4.286,0),('84800001038332011161420','8480000103833','2011161420',4.5,4.5,1,0.75,0),('84800001038332208251944','8480000103833','2208251944',4.62,4.62,1,0.77,0),('84800001038332303211819','8480000103833','2303211819',5.34,5.34,1,0.89,0),('84800001038332304081833','8480000103833','2304081833',5.34,0,1,0,0),('84800001038332305030709','8480000103833','2305030709',5.34,0,1,0.89,0),('84800001173042305121843','8480000117304','2305121843',2.6,2,5.2,11.607,0),('84800001369782303211819','8480000136978','2303211819',1,2,2,0.5,0),('84800001509432303161920','8480000150943','2303161920',0,0,1,0,0),('84800001509432304271954','8480000150943','2304271954',1.6,1,1.6,4.211,0),('84800001579422305161912','8480000157942','2305161912',1.4,1,1.4,3.043,0),('84800001612462304081833','8480000161246','2304081833',1.1,1.1,1,6.111,0),('84800001612462305161912','8480000161246','2305161912',1.1,1,0,0,0),('84800001800252208251944','8480000180025','2208251944',4.65,4.65,1,12.92,0),('84800001800252305161912','8480000180025','2305161912',5.05,1,5.05,14.028,0),('84800002119342302101928','8480000211934','2302101928',1.35,1.35,1,1.8,0),('84800002119342303111914','8480000211934','2303111914',1.45,1.45,1,1.933,0),('84800002119342303211819','8480000211934','2303211819',1.45,2.9,2,1.933,0),('84800002119342304081833','8480000211934','2304081833',1.45,4.35,3,1.933,0),('84800002119342304271954','8480000211934','2304271954',1.45,1,0,0,0),('84800002119342305030709','8480000211934','2305030709',1.45,2.9,2,1.933,0),('84800002119342305121843','8480000211934','2305121843',1.45,2,2.9,1.933,0),('84800002130752302101928','8480000213075','2302101928',1.35,2.7,2,1.8,0),('84800002130752303111914','8480000213075','2303111914',1.45,1.45,1,1.933,0),('84800002130752303211819','8480000213075','2303211819',1.45,4.35,3,1.933,0),('84800002130752303282010','8480000213075','2303282010',1.45,2.9,2,1.933,0),('84800002130752304111437','8480000213075','2304111437',1.45,4.35,3,1.933,0),('84800002130752304271954','8480000213075','2304271954',1.45,2,2.9,1.933,0),('84800002130752305030709','8480000213075','2305030709',1.45,4.35,3,1.933,0),('84800002130752305121843','8480000213075','2305121843',1.45,3,4.35,1.933,0),('84800002133032305030709','8480000213303','2305030709',1.3,1.3,1,2.6,0),('84800002133032305121843','8480000213303','2305121843',1.3,1,1.3,2.6,0),('84800002216362207150000','8480000221636','2207150000',1.7,1.7,1,8.5,0),('84800002216362303211819','8480000221636','2303211819',2.5,2.5,1,12.5,0),('84800002216362305081929','8480000221636','2305081929',2.5,1,2.5,12.5,0),('84800002301332304081833','8480000230133','2304081833',1.6,1.6,1,8,0),('84800002329392304241655','8480000232939','2304241655',3.25,1,3.25,0.203,0),('84800002329392305030709','8480000232939','2305030709',3.25,3.25,1,0.203,0),('84800002602842207202028','8480000260284','2207202028',0.6,0.6,1,2.857143,0),('84800002603072305121843','8480000260307','2305121843',0.87,1,0.87,2.175,0),('84800002603902207202028','8480000260390','2207202028',0.6,0.6,1,2.857143,0),('84800002603902302251145','8480000260390','2302251145',0.87,0.87,1,2.175,0),('84800002913492304081833','8480000291349','2304081833',0.91,0.91,1,0.91,0),('84800003324932302251145','8480000332493','2302251145',1.05,1.3,1,7,0),('84800003324932304292009','8480000332493','2304292009',1,1,1,6.667,0),('84800003324932305121843','8480000332493','2305121843',1,1,0,0,0),('84800003362932011161420','8480000336293','2011161420',2.3,2.3,1,9.2,0),('84800003421712304111437','8480000342171','2304111437',1.75,1.75,1,7,0),('84800003921692207202028','8480000392169','2207202028',1,2,2,0.8333333,0),('84800003921692303161920','8480000392169','2303161920',1.6,1.6,1,1.333,0),('84800003921692304081833','8480000392169','2304081833',1.6,3.2,2,1.333,0),('84800003921692305121843','8480000392169','2305121843',1.6,2,3.2,1.333,0),('84800004302432303111914','8480000430243','2303111914',1.15,1.15,1,0.575,0),('84800004542012304081833','8480000454201','2304081833',3.4,3.4,1,11.333,0),('84800004738512303211819','8480000473851','2303211819',1.99,1.99,1,0.028,0),('84800004738682303211819','8480000473868','2303211819',1.51,1.51,1,0.054,0),('84800004760982305030709','8480000476098','2305030709',1.4,1.4,1,0.007,0),('84800004781842303211819','8480000478184','2303211819',5,5,1,0.417,0),('84800004781842304081833','8480000478184','2304081833',4.8,4.8,1,0.4,0),('84800004781842305030709','8480000478184','2305030709',4.8,0,1,0,0),('84800004958912303282010','8480000495891','2303282010',1,1.5,1.5,0.01,0),('84800004958912304081833','8480000495891','2304081833',1,0,1,0,0),('84800004958912304271954','8480000495891','2304271954',1.5,1,1.5,0.015,0),('84800004958912305030709','8480000495891','2305030709',1.5,0,1,0,0),('84800004961952304081833','8480000496195','2304081833',2.35,2.35,1,0.783,0),('84800004961952305030709','8480000496195','2305030709',2.35,0,1,0,0),('84800004971092303282010','8480000497109','2303282010',2.25,0,0,0.023,0),('84800004975292304111437','8480000497529','2304111437',1.7,1.7,1,0.085,0),('84800005054602011161420','8480000505460','2011161420',2.58,2.58,1,8.6,0),('84800005054602208180819','8480000505460','2208180819',2.65,2.65,1,8.84,0),('84800005054602208251944','8480000505460','2208251944',2.65,2.65,1,8.84,0),('84800005054602302101928','8480000505460','2302101928',2.65,2.65,1,8.833333,0),('84800005054602302251145','8480000505460','2302251145',2.98,2.98,1,9.93,0),('84800005054602303111914','8480000505460','2303111914',2.98,0,1,0,0),('84800005054602303161920','8480000505460','2303161920',2.98,5.96,2,9.933,0),('84800005054602303211819','8480000505460','2303211819',2.98,5.96,2,9.933,0),('84800005054602303282010','8480000505460','2303282010',2.98,0,1,0,0),('84800005054602304081833','8480000505460','2304081833',2.98,5.96,2,9.933,0),('84800005054602304111437','8480000505460','2304111437',2.98,0,1,0,0),('84800005054602304241646','8480000505460','2304241646',2.9,2,5.8,9.667,0),('84800005054602304241655','8480000505460','2304241655',2.9,2,5.8,9.667,0),('84800005054602304271954','8480000505460','2304271954',2.9,1,0,0,0),('84800005054602304292009','8480000505460','2304292009',2.9,1,0,0,0),('84800005054602305030709','8480000505460','2305030709',2.9,5.8,2,9.667,0),('84800005054602305081929','8480000505460','2305081929',2.9,1,0,0,0),('84800005054602305121843','8480000505460','2305121843',2.9,3,8.7,9.667,0),('84800005054602305161912','8480000505460','2305161912',2.9,1,0,0,0),('84800005122392208180819','8480000512239','2208180819',1.15,1.15,1,3.84,0),('84800005122392304241646','8480000512239','2304241646',1.34,1,1.34,4.467,0),('84800005122392304241655','8480000512239','2304241655',1.34,1,0,0,0),('84800005122392305081929','8480000512239','2305081929',1.34,1,0,0,0),('84800005924772208251944','8480000592477','2208251944',3.15,3.15,1,14,0),('84800005924772303211819','8480000592477','2303211819',3.37,6.74,2,14.978,0),('84800005924772304081833','8480000592477','2304081833',3.37,6.74,2,14.978,0),('84800005924772304241646','8480000592477','2304241646',3.37,1,3.37,14.978,0),('84800005924772304241655','8480000592477','2304241655',3.37,1,0,0,0),('84800005924772304271954','8480000592477','2304271954',3.37,1,0,0,0),('84800005924772305030709','8480000592477','2305030709',3.37,6.74,2,14.978,0),('84800005924772305121843','8480000592477','2305121843',3.37,2,6.74,14.978,0),('84800006004552305030709','8480000600455','2305030709',1.9,1.9,1,7.6,0),('84800006100652304081833','8480000610065','2304081833',2.07,2.07,1,2.07,0),('84800006221292303111914','8480000622129','2303111914',3.85,7.7,2,9.625,0),('84800006221292305030709','8480000622129','2305030709',3.85,3.85,1,9.625,0),('84800006507022304292009','8480000650702','2304292009',1.25,1,1.25,6.25,0),('84800006771742305161912','8480000677174','2305161912',1.45,1,1.45,9.667,0),('84800007251582303211819','8480000725158','2303211819',2,2,1,2,0),('84800007716362305030709','8480000771636','2305030709',1.8,1.8,1,4.5,0),('84800007966772303211819','8480000796677','2303211819',1.2,1.2,1,0.24,0),('84800008087072304081833','8480000808707','2304081833',1.6,1.6,1,0.267,0),('84800008087072304292009','8480000808707','2304292009',1.6,1,0,0,0),('84800008087072305030709','8480000808707','2305030709',1.6,0,1,0,0),('84800008087072305161912','8480000808707','2305161912',1.6,1,0,0,0),('84800008222772304081833','8480000822277','2304081833',1.05,1.05,1,2.1,0),('84800008222772304292009','8480000822277','2304292009',1.05,1,0,0,0),('84800008230212207202028','8480000823021','2207202028',1.55,1.55,1,2.1527777,0),('84800008230212302251145','8480000823021','2302251145',1.55,1.55,1,2.15,0),('84800008230212303111914','8480000823021','2303111914',1.55,0,1,0,0),('84800008230212303161920','8480000823021','2303161920',1.55,0,1,0,0),('84800008230212303211819','8480000823021','2303211819',1.55,3.1,2,2.153,0),('84800008230212303282010','8480000823021','2303282010',1.55,1.55,1,2.153,0),('84800008230212304081833','8480000823021','2304081833',1.55,3.1,2,2.153,0),('84800008230212304241646','8480000823021','2304241646',1.55,2,3.1,2.153,0),('84800008230212304241655','8480000823021','2304241655',1.55,2,3.1,2.153,0),('84800008230212305030709','8480000823021','2305030709',1.55,3.1,2,2.153,0),('84800008230212305121843','8480000823021','2305121843',1.55,1,0,0,0),('84800008260912207202028','8480000826091','2207202028',1.4,1.4,1,5.6,0),('84800008278762208251944','8480000827876','2208251944',0.85,1.7,2,8.5,0),('84800008278762302101928','8480000827876','2302101928',0.85,1.7,2,8.5,0),('84800008296102303111914','8480000829610','2303111914',5.5,5.5,1,16.923,0),('84800008296102304241646','8480000829610','2304241646',5.5,1,5.5,16.923,0),('84800008296102304241655','8480000829610','2304241655',5.5,1,0,0,0),('84800008296102305081929','8480000829610','2305081929',4.4,1,4.4,13.538,0),('84800008334642011161420','8480000833464','2011161420',3.5,7,2,12.727,0),('84800008378372207150000','8480000837837','2207150000',1.1,1.1,1,2.2222223,0),('84800008378372302251145','8480000837837','2302251145',1.11,1.11,1,2.24,0),('84800008378372303161920','8480000837837','2303161920',1.15,1.15,1,2.323,0),('84800008378372303211819','8480000837837','2303211819',1.15,2.3,2,2.323,0),('84800008378372304081833','8480000837837','2304081833',1.15,0,1,0,0),('84800008378372304111437','8480000837837','2304111437',1.1,1.1,1,2.222,0),('84800008378372305030709','8480000837837','2305030709',1.1,2.2,2,2.222,0),('84800008378372305081929','8480000837837','2305081929',1.1,1,0,0,0),('84800008378372305121843','8480000837837','2305121843',1.1,1,0,0,0),('84800120324112304241629','8480012032411','2304241629',1.35,2,2.7,4.5,0),('84800170386782304201337','8480017038678','2304201337',0.82,0,0,3.28,0),('84800171514072304201337','8480017151407','2304201337',1.45,1.45,1,0.145,0),('84800172244912304201337','8480017224491','2304201337',2.65,2.65,1,4.417,0),('84800172253132304201337','8480017225313','2304201337',1.19,0,0,2.38,0),('84800172727752304201337','8480017272775','2304201337',2.19,4.38,2,4.252,0),('84800172746942304201337','8480017274694','2304201337',1.75,0,0,8.75,0),('84800242921932302200921','8480024292193','2302200921',1.29,1.29,1,0.33,0),('84800247384552303251710','8480024738455','2303251710',1.05,1.05,1,7,0),('84800247470442304301354','8480024747044','2304301354',1.6,0,0,4.571,0),('84800247506002302200921','8480024750600','2302200921',1.99,1.99,1,50,0),('84800247519732304082005','8480024751973','2304082005',1.39,1.39,1,6.95,0),('84800247649042211050000','8480024764904','2211050000',0.64,0.64,1,8.533334,0),('84800247649042301171451','8480024764904','2301171451',0.64,2.56,4,8.533334,0),('84800247661682304301354','8480024766168','2304301354',2.2,1,2.2,5.238,0),('84800248190552302200921','8480024819055','2302200921',0.75,2.25,3,3,0),('84800248190552303251710','8480024819055','2303251710',0.75,0.75,1,3,0),('84800248190552304301354','8480024819055','2304301354',0.75,3,2.25,3,0),('84800248205942211050000','8480024820594','2211050000',1.69,1.69,1,5.633333,0),('84800248205942302101928','8480024820594','2302101928',1.69,1.69,1,5.633333,0),('87171638891692211050000','8717163889169','2211050000',1.53,1.53,1,3.06,0),('87171638891692301171451','8717163889169','2301171451',2.29,9.16,4,4.58,0),('87171638891692302101928','8717163889169','2302101928',1.53,1.53,1,3.06,0),('87171638891692303131339','8717163889169','2303131339',2.25,2.25,1,4.5,0),('87171638891692304111157','8717163889169','2304111157',1.25,5,4,2.5,0),('87201823826962302101928','8720182382696','2302101928',2.65,2.65,1,5.888889,0),('87227001362242304281349','8722700136224','2304281349',2.89,1,2.89,6.721,0),('87227001362242305161912','8722700136224','2305161912',2.65,0,0,6.163,0);
/*!40000 ALTER TABLE `compra` ENABLE KEYS */;
UNLOCK TABLES;

--
-- Table structure for table `marcablanca`
--

DROP TABLE IF EXISTS `marcablanca`;
/*!40101 SET @saved_cs_client     = @@character_set_client */;
/*!50503 SET character_set_client = utf8mb4 */;
CREATE TABLE `marcablanca` (
  `id` int NOT NULL,
  `marca` int NOT NULL,
  `comercio` int NOT NULL,
  PRIMARY KEY (`id`)
) ENGINE=InnoDB DEFAULT CHARSET=latin1 COLLATE=latin1_spanish_ci;
/*!40101 SET character_set_client = @saved_cs_client */;

--
-- Dumping data for table `marcablanca`
--

LOCK TABLES `marcablanca` WRITE;
/*!40000 ALTER TABLE `marcablanca` DISABLE KEYS */;
INSERT INTO `marcablanca` VALUES (1,2,5),(2,3,4),(3,4,2),(4,4,9),(5,9,5),(6,27,10),(7,29,5),(8,33,10),(9,16,5),(10,43,12),(11,55,3);
/*!40000 ALTER TABLE `marcablanca` ENABLE KEYS */;
UNLOCK TABLES;

--
-- Table structure for table `marcas`
--

DROP TABLE IF EXISTS `marcas`;
/*!40101 SET @saved_cs_client     = @@character_set_client */;
/*!50503 SET character_set_client = utf8mb4 */;
CREATE TABLE `marcas` (
  `id` int NOT NULL AUTO_INCREMENT,
  `name` varchar(25) COLLATE latin1_spanish_ci DEFAULT NULL,
  PRIMARY KEY (`id`)
) ENGINE=InnoDB AUTO_INCREMENT=62 DEFAULT CHARSET=latin1 COLLATE=latin1_spanish_ci;
/*!40101 SET character_set_client = @saved_cs_client */;

--
-- Dumping data for table `marcas`
--

LOCK TABLES `marcas` WRITE;
/*!40000 ALTER TABLE `marcas` DISABLE KEYS */;
INSERT INTO `marcas` VALUES (1,''),(2,'aguadoy'),(3,'alteza'),(4,'carrefour'),(5,'danone'),(6,'estrella galicia'),(7,'florete'),(8,'granel'),(9,'hacendado'),(10,'jovi'),(11,'knorr'),(12,'la casera'),(13,'luengo'),(14,'lugareño'),(15,'marcilla'),(16,'marpe'),(17,'ligeresa'),(18,'Guillen huevos'),(19,'Bonka'),(20,'Carbonell'),(21,'Tacto'),(22,'H&S'),(23,'Listerine'),(24,'Xoia'),(25,'Selex'),(26,'Rio d\'oro'),(27,'El mercado'),(28,'Fairy'),(29,'Bosque verde'),(30,'Garnier'),(31,'Livarno'),(32,'dulce gusto'),(33,'Aldi'),(34,'Guillete'),(35,'gth'),(36,'Mimaflor'),(37,'Palacios'),(38,'deliplus'),(39,'Gillette'),(40,'Gimar'),(41,'Loreal'),(42,'Florette'),(43,'Unide'),(44,'lupa'),(45,'Ariel'),(46,'Philadelphia'),(47,'Pesacnova'),(48,'hándicap bag'),(49,'colón'),(50,'Dia'),(52,'Cuatrogasa'),(53,'Pimedical'),(54,'Schwarzkopf'),(55,'Sabe'),(56,'Bimbo'),(57,'Serpis'),(58,'acor'),(59,'San Joaquín'),(60,'Galbusera'),(61,'Asturiana');
/*!40000 ALTER TABLE `marcas` ENABLE KEYS */;
UNLOCK TABLES;

--
-- Table structure for table `medidas`
--

DROP TABLE IF EXISTS `medidas`;
/*!40101 SET @saved_cs_client     = @@character_set_client */;
/*!50503 SET character_set_client = utf8mb4 */;
CREATE TABLE `medidas` (
  `id` int NOT NULL AUTO_INCREMENT,
  `description` varchar(100) COLLATE latin1_spanish_ci DEFAULT NULL,
  `abbreviation` varchar(5) COLLATE latin1_spanish_ci DEFAULT NULL,
  PRIMARY KEY (`id`)
) ENGINE=InnoDB AUTO_INCREMENT=6 DEFAULT CHARSET=latin1 COLLATE=latin1_spanish_ci;
/*!40101 SET character_set_client = @saved_cs_client */;

--
-- Dumping data for table `medidas`
--

LOCK TABLES `medidas` WRITE;
/*!40000 ALTER TABLE `medidas` DISABLE KEYS */;
INSERT INTO `medidas` VALUES (1,'','a'),(2,'Kilos','k'),(3,'Litros','l'),(4,'metros','m'),(5,'Unidades','u');
/*!40000 ALTER TABLE `medidas` ENABLE KEYS */;
UNLOCK TABLES;

--
-- Table structure for table `nombrecompra`
--

DROP TABLE IF EXISTS `nombrecompra`;
/*!40101 SET @saved_cs_client     = @@character_set_client */;
/*!50503 SET character_set_client = utf8mb4 */;
CREATE TABLE `nombrecompra` (
  `id` varchar(50) COLLATE latin1_spanish_ci NOT NULL,
  `nombre` varchar(50) COLLATE latin1_spanish_ci DEFAULT NULL,
  `comercio` int NOT NULL,
  PRIMARY KEY (`id`)
) ENGINE=InnoDB DEFAULT CHARSET=latin1 COLLATE=latin1_spanish_ci;
/*!40101 SET character_set_client = @saved_cs_client */;

--
-- Dumping data for table `nombrecompra`
--

LOCK TABLES `nombrecompra` WRITE;
/*!40000 ALTER TABLE `nombrecompra` DISABLE KEYS */;
INSERT INTO `nombrecompra` VALUES ('2011161420','2011161420',5),('2102092032','semanal',3),('2207150000','mediados de mes',5),('2207202028','urgente',5),('2208180819','2208180819',5),('2208251944','tarde',5),('2211050000','para el desayuno',4),('2211181500','semanal',2),('2211181501','última hora',2),('2211221644','2211221644',8),('2301171451','2301171451',4),('2302101928','semana 2',5),('2302141034','ofertas carrefour',2),('2302200921','2302200921',4),('2302251145','2302251145',5),('2303031858','2303031858',10),('2303111914','2303111914',5),('2303131339','2303131339',11),('2303131409','2303131409',10),('2303161519','2303161519',4),('2303161920','2303161920',5),('2303211819','2303211819',5),('2303211929','2303211929',5),('2303212026','2303212026',8),('2303221400','2303221400',2),('2303221730','2303221730',6),('2303232129','2303232129',9),('2303251710','2303251710',4),('2303281809','2303281809',12),('2303282010','2303282010',5),('2303282055','2303282055',2),('2304081833','2304081833',5),('2304082005','2304082005',4),('2304091011','Catálogo Carrefour',2),('2304111157','2304111157',8),('2304111437','2304111437',5),('2304201337','2304201337',6),('2304241629','2304241629',3),('2304241655','2304241655',5),('2304271954','2304271954',5),('2304281349','2304281349',6),('2304292009','2304292009',5),('2304301354','2304301354',4),('2305030709','2305030709',5),('2305081929','2305081929',5),('2305081941','2305081941',3),('2305121843','2305121843',5),('2305150813','2305150813',1),('2305151436','2305151436',8),('2305161912','2305161912',5);
/*!40000 ALTER TABLE `nombrecompra` ENABLE KEYS */;
UNLOCK TABLES;

--
-- Table structure for table `oferta`
--

DROP TABLE IF EXISTS `oferta`;
/*!40101 SET @saved_cs_client     = @@character_set_client */;
/*!50503 SET character_set_client = utf8mb4 */;
CREATE TABLE `oferta` (
  `abbr` varchar(15) COLLATE latin1_spanish_ci NOT NULL,
  `texto` varchar(25) COLLATE latin1_spanish_ci DEFAULT NULL,
  PRIMARY KEY (`abbr`)
) ENGINE=InnoDB DEFAULT CHARSET=latin1 COLLATE=latin1_spanish_ci;
/*!40101 SET character_set_client = @saved_cs_client */;

--
-- Dumping data for table `oferta`
--

LOCK TABLES `oferta` WRITE;
/*!40000 ALTER TABLE `oferta` DISABLE KEYS */;
INSERT INTO `oferta` VALUES ('2-50','2ª 50%'),('2-70','2ª 70%'),('2x1','2 X 1'),('3x2','3 X 2');
/*!40000 ALTER TABLE `oferta` ENABLE KEYS */;
UNLOCK TABLES;

--
-- Table structure for table `productos`
--

DROP TABLE IF EXISTS `productos`;
/*!40101 SET @saved_cs_client     = @@character_set_client */;
/*!50503 SET character_set_client = utf8mb4 */;
CREATE TABLE `productos` (
  `id` int NOT NULL AUTO_INCREMENT,
  `barcode` bigint NOT NULL,
  `denominacion` varchar(60) COLLATE latin1_spanish_ci DEFAULT NULL,
  `marca_id` int NOT NULL,
  `unidades` int NOT NULL,
  `medida_id` int DEFAULT NULL,
  `cantidad` double NOT NULL,
  PRIMARY KEY (`id`),
  UNIQUE KEY `cb_UNIQUE` (`barcode`),
  KEY `productos_marcas_idx` (`marca_id`),
  KEY `productos_medidas_idx` (`medida_id`),
  CONSTRAINT `productos_marcas` FOREIGN KEY (`marca_id`) REFERENCES `marcas` (`id`),
  CONSTRAINT `productos_medidas` FOREIGN KEY (`medida_id`) REFERENCES `medidas` (`id`)
) ENGINE=InnoDB AUTO_INCREMENT=166 DEFAULT CHARSET=latin1 COLLATE=latin1_spanish_ci;
/*!40101 SET character_set_client = @saved_cs_client */;

--
-- Dumping data for table `productos`
--

LOCK TABLES `productos` WRITE;
/*!40000 ALTER TABLE `productos` DISABLE KEYS */;
INSERT INTO `productos` VALUES (1,1000000002345,'Pimiento rojo',8,1,2,1),(2,1000000002346,'Tomate pera',8,1,2,1),(3,1000000002347,'Pimiento verde',8,1,2,1),(4,1000000002348,'Patata',8,1,2,1),(5,1000087865444,'Platano',8,1,2,1),(6,1000087879877,'Tomate',8,1,2,1),(7,1000534544656,'Melocotón amarillo',8,1,2,1),(8,1000534544660,'Tomate ensalada',8,1,2,1),(9,1000534544661,'Cebolla',8,1,2,1),(10,1000534544662,'Lomo adobado',8,1,2,1),(11,1000534544663,'Bacalao desalado',8,1,2,1),(12,1000534544664,'Naranja',8,1,2,1),(13,1000534544665,'Zanahoria',8,1,2,1),(14,1000534544670,'Huevo L',1,1,5,12),(15,1000534544671,'Calabacín',8,1,2,1),(16,1000534544672,'Huevo campero',8,1,5,18),(17,1000534544673,'Pan baguette',1,1,2,0.2),(18,1000534544674,'Jamón ',8,1,2,1),(19,1000534544675,'Pollo muslos',8,1,2,1),(20,1000534544676,'Fresas',8,1,2,1),(21,1000534544677,'Merluza ',8,1,2,1),(22,1000534544678,'Salmon',8,1,2,1),(23,1000534544679,'Gallineta',8,1,2,1),(24,1000534544680,'Tomate canario',8,1,2,1),(25,1000534544681,'Sandía ',8,1,2,1),(26,1000534544682,'Ajo morado',8,1,2,1),(27,24002042,'Zumo uva y melocotón',26,6,3,0.2),(28,24031486,'Enslada 4 estaciones',27,1,2,0.25),(29,24086561,'Jamón serrano lonchas',33,1,2,0.18),(30,2530061003866,'Tomate ensalada lupa',44,1,2,1),(31,3574661648026,'Colutorio',23,1,3,1),(32,3600521823729,'Crema hidratante ojos',41,1,5,1),(33,3600542379342,'Tinte pelo 5.0 castaño',30,1,5,1),(34,4008871205230,'Bolsa basura 30l 25u',48,1,5,25),(35,4054601053466,'Funda protectora',31,1,1,1),(36,5410076230068,'Champú HS classic 500',22,1,3,0.5),(37,7613034704436,'Café capsulas',32,1,5,16),(38,7613036039499,'Café mezcla',19,1,2,0.5),(39,7622210680457,'Crema queso light 250',46,2,2,0.5),(40,7702018465989,'Hojillas afeitar recambio mach 3',34,1,5,4),(41,7702018579013,'Hojilla afeitar mach 3',39,1,5,4),(42,8001090430250,'Lavavajillas platinum',28,1,3,0.82),(43,8001090623393,'Detergente lavadora 30 cacitos',45,1,2,1.95),(44,8001841012094,'Champú h&s classics 900',22,1,3,0.9),(45,8001841433806,'Lavavajillas aloe vera',28,1,3,0.34),(46,8001841980591,'Lavavajillas ',28,1,3,0.325),(47,8002190020150,'Cracker pan salado',60,1,2,0.5),(48,8006540095461,'Lavavajillas pack',28,2,3,1.3),(49,8006540746875,'Champú classic 600ml',22,1,3,0.6),(50,8006540748220,'Champú classic 1l',22,1,3,1),(51,8006540750667,'Champú h&s classic 300',22,1,3,0.3),(52,8006540750889,'Champu classic 360',22,1,3,0.36),(53,8006540948811,'Lavavajillas',28,1,3,0.87),(54,8410010260042,'Aceite oliva virgen extra',20,1,3,1),(55,8410063087078,'Merluza lomos 360',47,1,2,0.36),(56,8410091180048,'Café Marcilla molido mezcla',15,1,2,0.25),(57,8410104910907,'Detergente lavadora 95 lavados',49,1,2,4.75),(58,8410283001106,'Gaseosa la casera 0.5l',2,1,3,0.5),(59,8410297113666,'Leche entera',61,6,3,6),(60,8410344111270,'Aceituna anchoa',57,3,2,0.36),(61,8410436170888,'Tinte pelo 3.65 castaño chocolate',54,1,5,1),(62,8410500008871,'Bifidus activia desnatado natural pack 8',5,8,2,0.96),(63,8410500013479,'Bifidus activia desnatado natural  pack 12',5,12,2,1.44),(64,8410505272017,'Garbanzo cocido Luengo 400g',13,1,3,0.4),(65,8410843137788,'Pechuga pavo ',50,1,2,0.9),(66,8410946000125,'Azúcar moreno sobres',58,50,2,0.35),(67,8411384002009,'Huevos suelo',18,1,5,12),(68,8411396000734,'Fflautas pollo y queso 2 u - 273 g',10,2,2,0.273),(69,8412598000478,'Cerveza lata 0.0',6,1,3,0.33),(70,8412600012185,'Pan molde blanco',56,16,2,0.375),(71,8413402998004,'Agua mineral garrafa',59,1,3,8),(72,8413876251166,'Ensalada cesar',4,1,2,0.4),(73,8413876277388,'Tortilla patatas carrefour',4,1,2,0.6),(74,8414516078385,'Ensalada New York era bol',42,1,2,0.205),(75,8414516193476,'Ensalada gourmet',7,1,2,0.4),(76,8420878591028,'Tortilla patatas',37,1,2,0.3),(77,8422287125207,'Huevos camperos',9,1,5,12),(78,8423086003659,'Agua mineral garrafa 5l',43,1,3,5),(79,8425779044482,'Ensalada 4 estaciones ',9,1,2,0.25),(80,8425779045434,'Ensalada huerta bol',36,1,2,0.4),(81,8429687801212,'Huevos lugareño 12 XL',14,12,5,12),(82,8431876231694,'Salmón ahumado 200gr',4,1,2,0.2),(83,8431876266054,'Pan de pipas',4,2,2,0.18),(84,8431876296013,'Alcohol limpieza carrefour',4,1,3,0.4),(85,8435638018714,'Mascarilla ffp2',53,1,5,5),(86,8436026599389,'Guantes vinilo azul M',52,1,5,100),(87,8436026599396,'Guantes vnilo azul',52,1,5,100),(88,8437001586905,'Magdalenas rellenas chocolate ',40,1,2,0.35),(89,8437003018008,'Agua Mineral Natural Aguadoy 8L',2,1,3,8),(90,8437003894275,'Paleta Curada Lonchas 240g Bipack',16,1,2,0.24),(91,8437004621535,'Verdura 3 vegetales microondas',9,1,2,0.3),(92,8437014689501,'Jabón de manos con dosificador',21,2,3,0.6),(93,8480000038524,'Guacamole',9,1,2,0.2),(94,8480000040466,'Aceite girasol',9,1,3,1),(95,8480000049544,'Vinagre balsámico de módena',9,1,3,0.25),(96,8480000053329,'Lenteja Pardina Hacendado 295 g',9,1,2,0.21),(97,8480000103833,'Leche desnatada',9,1,3,6),(98,8480000117304,'Café monopolista senseo mezcla',9,32,2,0.224),(99,8480000136978,'Mascarilla ffp2',38,1,5,3),(100,8480000150943,'Mermelada melocotón 0%',9,1,2,0.38),(101,8480000157942,'Mayonesa light bote',9,1,3,0.46),(102,8480000161246,'Pimiento asado tiras',9,3,2,0.18),(103,8480000180025,'Atún Claro Aceite Oliva Hacendado Pack-6 480 GR',9,6,2,0.36),(104,8480000211934,'Bífidus natural 0.0',9,6,2,0.75),(105,8480000213075,'Bífidus natural',9,6,2,0.75),(106,8480000213303,'Yogurt bfodus 0% frutos silvestres',9,4,3,0.5),(107,8480000221636,'Cafe soluble natural classic tarro 200 g',9,1,2,0.2),(108,8480000230133,'Gel afeitar',38,1,3,0.2),(109,8480000232939,'Café descafeinado cápsulas',9,1,5,16),(110,8480000260284,'Alubia Blanca Hacendado 295 g',9,1,2,0.21),(111,8480000260307,'Lenteja pardina tarro',9,1,2,0.4),(112,8480000260390,'Garbanzo cosido',9,1,2,0.21),(113,8480000291349,'Harina trigo integral 1k',9,1,2,1),(114,8480000332493,'Aceituna negra sin hueso',9,1,2,0.15),(115,8480000336293,'Corteza trigo 250g',9,1,2,0.25),(116,8480000342171,'Cocktail frutos secos rodeo',9,1,2,0.25),(117,8480000392169,'Zumo de melocotón y uva 6x200ml',9,6,3,1.2),(118,8480000430243,'Lejía con detergente',29,1,3,2),(119,8480000454201,'After shave',38,1,3,0.3),(120,8480000473851,'Protege slip normal ',38,1,5,72),(121,8480000473868,'Protege slip normal',38,1,5,28),(122,8480000476098,'Pañuelo papel caja',29,1,5,200),(123,8480000478184,'Papel higiénico ',29,1,5,12),(124,8480000495891,'Servilleta papel ',29,1,5,100),(125,8480000496195,'Papel cocina',29,1,5,3),(126,8480000497109,'Servilleta papel ',29,1,5,100),(127,8480000497529,'Bolsa basura 30l 20u',29,1,5,20),(128,8480000505460,'Queso havarti light',9,1,2,0.3),(129,8480000512239,'Queso untar light',9,1,2,0.3),(130,8480000592477,'Pechuga de pavo baja sal',9,1,2,0.225),(131,8480000600455,'Gel fijador ondas',38,1,3,0.25),(132,8480000610065,'Verdura congelada natural 1k',9,1,2,1),(133,8480000622129,'Merluza congelada',9,1,2,0.4),(134,8480000650702,'Caramelos goma',9,1,2,0.2),(135,8480000677174,'Aceitunas anchoa',9,3,2,0.15),(136,8480000725158,'Anti humedad ',29,1,5,1),(137,8480000771636,'Alcohol limpieza 70%',29,1,3,0.4),(138,8480000796677,'Esparadrapo papel',38,1,4,5),(139,8480000808707,'Tortita trigo',9,1,5,6),(140,8480000822277,'Pan rallado ',9,1,2,0.5),(141,8480000823021,'Pan molde de centeno 14 rebanadas - 720 g',9,14,2,0.72),(142,8480000826091,'Bollo chocolate',9,6,2,0.25),(143,8480000827876,'Picatoste Frito en aceite de girasol sabor ajo',9,1,2,0.1),(144,8480000829610,'Salmón al curry',9,1,2,0.325),(145,8480000833464,'Salmón al curry con arroz',9,1,2,0.275),(146,8480000837837,'Panecillo horno paquete 11 u - 495 g',9,11,2,0.495),(147,8480012032411,'Alcohol limpieza',55,1,3,0.3),(148,8480017038678,'Ensalada 4 estaciones',50,1,2,0.25),(149,8480017151407,'Snack gato salmon',50,1,5,10),(150,8480017224491,'Tortilla patata con cebolla',1,1,2,0.6),(151,8480017225313,'Yogurt bifidus natural',1,4,2,0.5),(152,8480017272775,'Magdalenas',1,1,2,0.515),(153,8480017274694,'Guacamole 200',50,1,2,0.2),(154,8480024292193,'Papel higiénico',25,4,5,4),(155,8480024738455,'Aceituna negra sin hueso',3,1,2,0.15),(156,8480024747044,'Mermelada 0%',3,1,2,0.35),(157,8480024750600,'Perejil tarro',3,1,2,0.4),(158,8480024751973,'frutos secos cocktail',3,1,2,0.2),(159,8480024764904,'Picatostes alteza ajo 75gr',3,1,2,0.075),(160,8480024766168,'Pan de leche',3,12,2,0.42),(161,8480024819055,'Ensalada 4 estaciones',3,1,2,0.25),(162,8480024820594,'Mix de verduras microondas 300g',3,1,2,0.3),(163,8717163889169,'Crema campesina 500ml',11,1,3,0.5),(164,8720182382696,'Mayonesa',17,1,3,0.45),(165,8722700136224,'Mayonesa light ',17,1,3,0.43);
/*!40000 ALTER TABLE `productos` ENABLE KEYS */;
UNLOCK TABLES;

--
-- Table structure for table `tag`
--

DROP TABLE IF EXISTS `tag`;
/*!40101 SET @saved_cs_client     = @@character_set_client */;
/*!50503 SET character_set_client = utf8mb4 */;
CREATE TABLE `tag` (
  `id` int NOT NULL,
  `name` text COLLATE latin1_spanish_ci,
  PRIMARY KEY (`id`)
) ENGINE=InnoDB DEFAULT CHARSET=latin1 COLLATE=latin1_spanish_ci;
/*!40101 SET character_set_client = @saved_cs_client */;

--
-- Dumping data for table `tag`
--

LOCK TABLES `tag` WRITE;
/*!40000 ALTER TABLE `tag` DISABLE KEYS */;
INSERT INTO `tag` VALUES (1,'agua'),(2,'ahumado'),(3,'alcohol'),(4,'alubia'),(5,'atun'),(6,'balsamico'),(7,'bifidus'),(8,'bollo'),(9,'cafe'),(10,'centeno'),(11,'cerveza'),(12,'conserva'),(13,'crema'),(14,'desnatado-a'),(15,'ensalada'),(16,'fruta'),(17,'garbanzo'),(18,'gaseosa'),(19,'huevo'),(20,'leche'),(21,'lentejas'),(22,'limpieza'),(23,'lonchas'),(24,'melocoton'),(25,'microondas'),(26,'paleta'),(27,'pan'),(28,'panecillo'),(29,'pavo'),(30,'picatostes'),(31,'platano'),(32,'precocinados'),(33,'queso'),(34,'salmon'),(35,'tomate'),(36,'tortilla'),(37,'verduras'),(38,'vinagre'),(39,'yogurt'),(40,'zumo'),(41,'natural'),(42,'mayonesa'),(43,'0.0'),(44,'pimiento'),(45,'rojo-a'),(46,'hortalizas'),(47,'pera'),(48,'verde'),(49,'patata'),(50,'suelo'),(51,'aceite'),(52,'oliva'),(53,'virgen'),(54,'extra'),(55,'champu'),(56,'colutorio'),(57,'jabon'),(58,'calabacin'),(59,'guacamole'),(60,'lavavajillas'),(61,'lejia'),(62,'tinte'),(63,'curry'),(64,'bacalao'),(65,'desalado'),(66,'merluza'),(67,'pescado'),(68,'congelado'),(69,'perejil'),(70,'tarro'),(71,'papel'),(72,'higienico'),(73,'asado'),(74,'tiras'),(75,'lomo'),(76,'adobado'),(77,'zanahoria'),(78,'naranja'),(79,'cebolla'),(80,'aceituna'),(81,'negra'),(82,'sin hueso'),(83,'libreta'),(84,'funda'),(85,'protectora'),(87,'capsulas'),(89,'campero'),(90,'jamon'),(91,'serrano'),(92,'hojillas'),(93,'afeitar'),(96,'pelo'),(97,'5.0'),(98,'castaño'),(99,'merluza'),(100,'congelada'),(102,'recambio'),(104,'3'),(105,'mach'),(110,'baguette'),(112,'huerta'),(113,'bol'),(118,'mermelada'),(120,'0%'),(121,'4'),(122,'estaciones'),(123,'ad'),(124,'protege'),(125,'slip'),(126,'normal'),(127,'esparadrapo'),(128,'mascarilla'),(129,'ffp2'),(130,'anti'),(131,'humedad'),(132,'hojilla'),(133,'aloe'),(134,'hs'),(135,'classic'),(136,'500'),(137,'h&s'),(138,'900'),(139,'classics'),(140,'300'),(141,'sin'),(142,'hueso'),(143,'magdalenas'),(144,'rellenas'),(145,'chocolate'),(146,'hidratante'),(147,'ojos'),(148,'new'),(149,'york'),(150,'era'),(151,'de'),(152,'pipas'),(153,'mineral'),(154,'garrafa'),(155,'5l'),(156,'servilleta'),(157,'360'),(158,'1l'),(159,'600ml'),(160,'tortita'),(161,'trigo'),(162,'cocina'),(163,'after'),(164,'shave'),(165,'gel'),(166,'rallado'),(167,'harina'),(168,'integral'),(169,'1k'),(170,'verdura'),(171,'lupa'),(172,'detergente'),(173,'lavadora'),(174,'2k'),(175,'30'),(176,'cacitos'),(177,'frutos'),(178,'secos'),(179,'cocktail'),(180,'light'),(181,'250'),(182,'lomos'),(183,'bolsa'),(184,'basura'),(185,'30l'),(186,'25u'),(187,'rodeo'),(188,'20u'),(189,'salmn'),(190,'al'),(191,'con'),(192,'arroz'),(193,'corteza'),(194,'250g'),(195,'taco'),(196,'95'),(197,'lavados'),(198,'pollo'),(199,'muslos'),(200,'fresas'),(201,'200'),(202,'merliza'),(203,'snack'),(204,'gato'),(205,'gallineta'),(206,'cepeda'),(207,'guantes'),(208,'vnilo'),(209,'azul'),(210,'3.65'),(211,'descafeinado'),(212,'havarti'),(213,'anchoa'),(214,'canario'),(215,'molde'),(216,'blanco'),(217,'girasol'),(218,'azucar'),(219,'moreno'),(220,'sobres'),(221,'caramelos'),(222,'goma'),(223,'lechr'),(224,'cracker'),(225,'salado'),(226,'pañuelo'),(227,'caja'),(228,'70%'),(229,'fijador'),(230,'ondas'),(231,'bfodus'),(232,'silvestres'),(233,'vinilo'),(234,'m'),(235,'monopolista'),(236,'senseo'),(237,'mezcla'),(238,'sandia'),(239,'ajo'),(240,'morado'),(241,'lenteja'),(242,'paradinas'),(243,'pardina'),(244,'entera'),(245,'pack'),(246,'platinum'),(247,'bote'),(248,'aceitunas');
/*!40000 ALTER TABLE `tag` ENABLE KEYS */;
UNLOCK TABLES;

--
-- Table structure for table `tagsproducto`
--

DROP TABLE IF EXISTS `tagsproducto`;
/*!40101 SET @saved_cs_client     = @@character_set_client */;
/*!50503 SET character_set_client = utf8mb4 */;
CREATE TABLE `tagsproducto` (
  `id` int NOT NULL,
  `producto` text COLLATE latin1_spanish_ci NOT NULL,
  `tag` int NOT NULL,
  PRIMARY KEY (`id`)
) ENGINE=InnoDB DEFAULT CHARSET=latin1 COLLATE=latin1_spanish_ci;
/*!40101 SET character_set_client = @saved_cs_client */;

--
-- Dumping data for table `tagsproducto`
--

LOCK TABLES `tagsproducto` WRITE;
/*!40000 ALTER TABLE `tagsproducto` DISABLE KEYS */;
INSERT INTO `tagsproducto` VALUES (1,'1000045787878',19),(2,'1000087865444',16),(3,'1000087865444',31),(4,'1000087879877',35),(5,'1000534544656',16),(6,'1000534544656',24),(7,'8410091180048',9),(8,'8410283001106',18),(9,'8410500008871',7),(10,'8410500008871',39),(11,'8410500013479',7),(12,'8410500013479',39),(13,'8410505272017',17),(14,'8411396000734',32),(15,'8412598000478',11),(16,'8413876251166',15),(17,'8413876277388',36),(18,'8414516193476',15),(19,'8431876231694',2),(20,'8431876231694',34),(21,'8431876296013',3),(22,'8431876296013',22),(23,'8437003018008',1),(24,'8437003894275',23),(25,'8437003894275',26),(26,'8437004621061',15),(27,'8437004621535',25),(28,'8437004621535',37),(29,'8480000049544',6),(30,'8480000049544',38),(31,'8480000053329',21),(32,'8480000103833',20),(33,'8480000103833',14),(34,'8480000180025',5),(35,'8480000180025',12),(36,'8480000221636',9),(37,'8480000260284',4),(38,'8480000260390',17),(39,'8480000392169',40),(40,'8480000505460',23),(41,'8480000505460',33),(42,'8480000512239',13),(43,'8480000512239',33),(44,'8480000592477',23),(45,'8480000592477',29),(46,'8480000823021',10),(47,'8480000823021',27),(48,'8480000826091',8),(49,'8480000827876',30),(50,'8480000837837',27),(51,'8480000837837',28),(52,'8480024764904',30),(53,'8480024820594',25),(54,'8480024820594',37),(55,'8717163889169',13),(56,'8717163889169',37),(57,'8480000213075',39),(58,'8480000213075',7),(59,'8480000213075',41),(60,'8480000211934',39),(61,'8480000211934',7),(62,'8480000211934',41),(63,'8480000211934',14),(64,'8720182382696',42),(65,'8720182382696',43),(66,'1000000002345',44),(67,'1000000002345',45),(68,'1000000002345',46),(69,'1000000002346',35),(70,'1000000002346',46),(71,'1000000002346',47),(72,'1000000002347',44),(73,'1000000002347',46),(74,'1000000002347',48),(75,'1000000002348',49),(76,'8411384002009',50),(77,'8411384002009',19),(78,'7613036039499',9),(79,'8410010260042',51),(80,'8410010260042',52),(81,'8410010260042',53),(82,'8410010260042',54),(83,'8437014689501',57),(84,'5410076230068',55),(85,'3574661648026',56),(86,'1000534544661',79),(87,'1000534544671',58),(88,'8480000038524',59),(89,'8006540948811',60),(90,'8480000430243',61),(91,'3600542379342',62),(92,'8480000829610',34),(93,'8480000829610',63),(94,'1000534544672',64),(95,'1000534544672',65),(96,'8480000622129',66),(97,'8480000622129',67),(98,'8480000622129',68),(99,'1000534544670',19),(100,'24031486',15),(101,'24002042',40),(102,'24002042',24),(103,'8480024819055',15),(104,'8480024750600',69),(105,'8480024750600',70),(106,'8480024292193',71),(107,'8480024292193',72),(108,'8480000161246',44),(109,'8480000161246',73),(110,'8480000161246',74),(111,'1000534544660',35),(112,'1000534544660',15),(113,'1000534544662',75),(114,'1000534544662',76),(115,'1000534544665',77),(116,'1000534544664',78),(117,'1000534544664',16),(118,'1000534544663',64),(119,'1000534544663',65),(120,'8480000332493',80),(121,'8480000332493',81),(122,'8480000332493',82),(123,'8429687801212',19),(124,'4054601053466',84),(125,'4054601053466',85),(126,'7613034704436',9),(127,'7613034704436',87),(128,'1000534544672',19),(129,'1000534544672',89),(130,'24086561',90),(131,'24086561',91),(132,'24086561',23),(133,'8001841980591',60),(134,'7702018465989',92),(135,'7702018465989',93),(136,'7702018465989',102),(137,'1000534544673',27),(138,'1000534544673',110),(139,'8425779045434',15),(140,'8425779045434',112),(141,'8425779045434',113),(142,'8420878591028',36),(143,'8420878591028',49),(144,'8422287125207',19),(145,'8422287125207',89),(146,'8480000150943',118),(147,'8480000150943',24),(148,'8480000150943',120),(149,'8425779044482',15),(151,'8425779044482',121),(152,'8425779044482',122),(153,'8480000478184',71),(154,'8480000478184',72),(155,'8480000796677',127),(156,'8480000796677',71),(157,'8480000473868',124),(158,'8480000473868',125),(159,'8480000473868',126),(160,'8480000473851',124),(161,'8480000473851',125),(162,'8480000473851',126),(163,'8480000136978',128),(164,'8480000136978',129),(165,'8480000725158',130),(166,'8480000725158',131),(167,'7702018579013',132),(168,'7702018579013',93),(169,'7702018579013',105),(170,'7702018579013',104),(171,'8001841433806',60),(172,'8001841433806',133),(173,'1000534544674',90),(174,'8001841012094',55),(175,'8001841012094',137),(176,'8001841012094',138),(177,'8001841012094',139),(178,'8006540750667',55),(179,'8006540750667',137),(180,'8006540750667',135),(181,'8006540750667',140),(182,'8480024738455',80),(183,'8480024738455',81),(184,'8480024738455',141),(185,'8480024738455',142),(186,'8437001586905',0),(187,'8437001586905',143),(188,'8437001586905',144),(189,'8437001586905',145),(190,'3600521823729',13),(191,'3600521823729',146),(192,'3600521823729',147),(193,'8414516078385',15),(194,'8414516078385',148),(195,'8414516078385',149),(196,'8414516078385',150),(197,'8414516078385',113),(198,'8431876266054',27),(199,'8431876266054',151),(200,'8431876266054',152),(201,'8423086003659',1),(202,'8423086003659',153),(203,'8423086003659',154),(204,'8423086003659',155),(205,'8480000497109',156),(206,'8480000497109',71),(207,'8480000495891',156),(208,'8480000495891',71),(209,'8006540750889',55),(210,'8006540748220',55),(211,'8006540748220',135),(212,'8006540748220',158),(213,'8006540746875',55),(214,'8006540746875',135),(215,'8006540746875',159),(216,'8480000808707',160),(217,'8480000808707',161),(218,'8480000496195',71),(219,'8480000496195',162),(220,'8480000454201',163),(221,'8480000454201',164),(222,'8480000230133',165),(223,'8480000230133',93),(224,'8480000822277',27),(225,'8480000822277',166),(226,'8480000291349',167),(227,'8480000291349',161),(228,'8480000291349',168),(229,'8480000291349',136),(230,'8480000291349',169),(231,'8480000610065',170),(232,'8480000610065',100),(233,'8480000610065',41),(234,'8480000610065',169),(235,'2530061003866',35),(236,'2530061003866',15),(237,'2530061003866',171),(238,'8001090623393',172),(239,'8001090623393',173),(240,'8001090623393',174),(241,'8001090623393',175),(242,'8001090623393',176),(243,'8480024751973',177),(244,'8480024751973',178),(245,'8480024751973',179),(246,'7622210680457',13),(247,'7622210680457',33),(248,'7622210680457',180),(249,'7622210680457',181),(250,'8410063087078',66),(251,'8410063087078',182),(252,'8410063087078',157),(253,'4008871205230',183),(254,'4008871205230',184),(255,'4008871205230',185),(256,'4008871205230',186),(257,'8410104910907',172),(258,'8410104910907',173),(259,'8480000342171',179),(260,'8480000342171',177),(261,'8480000342171',178),(262,'8480000342171',187),(263,'8480000497529',183),(264,'8480000497529',184),(265,'8480000497529',185),(266,'8480000497529',188),(267,'8480000833464',189),(268,'8480000833464',190),(269,'8480000833464',63),(270,'8480000833464',191),(271,'8480000833464',192),(272,'8480000833464',34),(273,'8480000336293',193),(274,'8480000336293',161),(275,'8480000336293',194),(276,'1000534544674',195),(277,'1000534544675',198),(278,'1000534544675',199),(279,'1000534544676',200),(280,'8480017274694',59),(281,'8480017274694',201),(282,'1000534544677',202),(283,'1000534544677',66),(284,'8480017224491',36),(285,'8480017224491',49),(286,'8480017224491',191),(287,'8480017224491',79),(288,'1000534544678',34),(289,'8480017225313',39),(290,'8480017225313',7),(291,'8480017225313',41),(292,'8480017151407',203),(293,'8480017151407',204),(294,'8480017151407',34),(295,'8480017038678',15),(296,'8480017038678',121),(297,'8480017038678',122),(298,'1000534544679',205),(299,'8480017272775',143),(300,'8410843137788',206),(301,'8410843137788',29),(302,'8436026599396',207),(303,'8436026599396',208),(304,'8436026599396',209),(305,'8435638018714',128),(306,'8435638018714',129),(307,'8410436170888',62),(308,'8410436170888',96),(309,'8410436170888',210),(310,'8410436170888',98),(311,'8410436170888',145),(312,'8480012032411',3),(313,'8480012032411',22),(314,'8480000232939',9),(315,'8480000232939',211),(316,'8480000232939',87),(317,'8722700136224',42),(318,'8722700136224',180),(319,'8410344111270',80),(320,'8410344111270',213),(321,'1000534544680',35),(322,'1000534544680',214),(323,'8412600012185',27),(324,'8412600012185',215),(325,'8412600012185',216),(326,'8480000040466',51),(327,'8480000040466',217),(328,'8410946000125',218),(329,'8410946000125',219),(330,'8410946000125',220),(331,'8480000650702',221),(332,'8480000650702',222),(333,'8413402998004',1),(334,'8413402998004',153),(335,'8413402998004',154),(336,'8480024766168',27),(337,'8480024766168',151),(338,'8480024766168',223),(339,'8480024766168',20),(340,'8480024747044',118),(341,'8480024747044',120),(342,'8002190020150',224),(343,'8002190020150',27),(344,'8002190020150',225),(345,'8480000476098',226),(346,'8480000476098',71),(347,'8480000476098',227),(348,'8480000771636',3),(349,'8480000771636',22),(350,'8480000771636',228),(351,'8480000600455',165),(352,'8480000600455',229),(353,'8480000600455',230),(354,'8480000213303',39),(355,'8480000213303',231),(356,'8480000213303',120),(357,'8480000213303',177),(358,'8480000213303',232),(359,'8436026599389',207),(360,'8436026599389',233),(361,'8436026599389',209),(362,'8436026599389',234),(363,'8480000117304',9),(364,'8480000117304',235),(365,'8480000117304',236),(366,'8480000117304',237),(367,'1000534544681',238),(368,'1000534544682',239),(369,'1000534544682',240),(370,'8480000260307',241),(371,'8480000260307',242),(372,'8480000260307',70),(373,'8410297113666',20),(374,'8410297113666',244),(375,'8006540095461',60),(376,'8006540095461',245),(377,'8001090430250',60),(378,'8001090430250',246),(379,'8480000157942',42),(380,'8480000157942',180),(381,'8480000157942',247),(382,'8480000677174',248),(383,'8480000677174',213);
/*!40000 ALTER TABLE `tagsproducto` ENABLE KEYS */;
UNLOCK TABLES;
/*!40103 SET TIME_ZONE=@OLD_TIME_ZONE */;

/*!40101 SET SQL_MODE=@OLD_SQL_MODE */;
/*!40014 SET FOREIGN_KEY_CHECKS=@OLD_FOREIGN_KEY_CHECKS */;
/*!40014 SET UNIQUE_CHECKS=@OLD_UNIQUE_CHECKS */;
/*!40101 SET CHARACTER_SET_CLIENT=@OLD_CHARACTER_SET_CLIENT */;
/*!40101 SET CHARACTER_SET_RESULTS=@OLD_CHARACTER_SET_RESULTS */;
/*!40101 SET COLLATION_CONNECTION=@OLD_COLLATION_CONNECTION */;
/*!40111 SET SQL_NOTES=@OLD_SQL_NOTES */;

-- Dump completed on 2024-04-07 11:36:21
